丿北落灬师门,你走错地方了……,2024-06-03 16:07:05
VistaRight,来了,2024-06-03 12:56:13
萤火虫与世无争,挥刀斩，刺心击，三连刺，落花掌！高抬腿！击心式！升龙挙，扫堂腿！莲花掌，破冰式！八方震，龙堂腿！,2024-06-03 12:24:46
芬兰第78届花式抖腿亚军,和我呀，老铁,2024-06-03 08:13:52
芬兰第78届花式抖腿亚军,给我呀，老铁,2024-06-03 08:13:45
灰鸭脖,吼吼，封面我的封面,2024-06-03 00:36:20
考完博士才能玩游戏的屑,有大大吗？可以画试试！,2024-06-02 21:51:59
禾蔼海,封面回来啦,2024-06-02 18:53:30
梦雨微风,原来你也是锦依卫,2024-06-02 11:52:04
梦雨微风,老哥快回来，有了,2024-06-02 11:51:12
梦雨微风,现在是了啊啊啊啊啊啊啊啊啊啊啊啊啊啊啊啊啊！[大笑][大笑][大笑][大笑],2024-06-02 11:50:30
flyyy-j,封面回来了？！！！,2024-06-02 10:48:36
你看到我的鸽子了吗,回来了，记忆里的村子回来了,2024-06-02 07:38:17
stranger_walk,来了,2024-06-02 02:24:46
早川憂岡,日本：有美国撑腰！我直接放核废水！富士山：你放我也放！各国人民：复活吧！我的爱山！富士山：“轰！”新闻：日本富士山复苏，日本成为一片火海！我，我妈，我爸：[大哭][大笑][开心],2024-06-01 23:48:37
青春猪头少年小高,虽然说封面回来了，但感觉还是上一个更合适上一个做的还是很用心的，也更适合歌曲,2024-06-01 21:49:08
伍月游靈,封面回来env回不来了啊啊啊啊啊啊啊啊啊啊啊啊啊啊啊啊啊,2024-06-01 21:32:36
物理主宰,好耶，封面回来了，but渐渐升高的开头还没回来,2024-06-01 18:25:26
hinahinahina,来了,2024-06-01 13:02:19
MC孤莹一Alan,我的第一眼，嗯，气动开封,2024-06-01 12:51:49
林青WY,封面回来了耶！,2024-06-01 11:10:45
雾隐-情怯,老铁，第2次看见你了[奸笑],2024-06-01 10:28:02
nickle1106,封面回来了！,2024-06-01 10:11:55
knfnaol,都改了三个封面了[大哭],2024-06-01 09:28:23
刘面带微笑,来了,2024-06-01 08:55:49
猪猪星77,加油,2024-06-01 02:29:14
猪猪星77,熟悉的封面回来了,2024-06-01 02:28:49
贱兮兮的样子,😂,2024-05-31 20:12:11
KM-Modtl,封面回来了？！,2024-05-31 20:03:58
千鶴村雨-ChizuruMurasame,开头三味线细节了，这作者确实挺用心在做日本风格的,2024-05-31 15:27:52
缝合纽扣人偶,来了,2024-05-31 12:16:27
glow-sss,玛雅 前段时间我还去找老封面留图，没想到突然回来了[色],2024-05-31 09:54:26
空丿丶白,卧槽！封面的小姐姐回来了！！！！,2024-05-31 09:49:36
六芒形雪花,wok，封面回来了[流泪],2024-05-31 09:37:07
双笙的鼠,回来了回来了！,2024-05-31 07:55:09
双笙的鼠,回来了 一切都回来了,2024-05-31 07:53:52
Furina_芙宁娜,我去封面回来了！！！！！,2024-05-31 05:55:31
凝月寒,曾经我非常非常喜欢这首歌曲，直到我把它变成了我的起床铃声😂,2024-05-31 00:01:05
窗台午休的猫,变回来了,2024-05-30 16:02:21
司风云洛,回来了！,2024-05-30 11:34:40
人活者就是为了双叶理央,变回来了，变回来了,2024-05-30 08:54:10
傅若羽,好耶封面回来了,2024-05-30 08:25:31
KamiAir,咦？封面回来了,2024-05-29 23:59:59
宝华韦健Bowers-Wilkins,是改回来了,2024-05-29 21:08:04
EDMKyrant,改封面了我去,2024-05-29 20:49:25
极光与樵夫,封面回来了[可爱],2024-05-29 17:47:12
Yourloveiswarm,回来了！回来了！！！一切都回来了！！！！,2024-05-29 17:04:13
Hanyeeeeee,无敌的封面又回来了,2024-05-29 16:05:52
空落落的叶,封面回来了！！！,2024-05-29 08:50:29
安卡希雅_,封面回来了[流泪],2024-05-29 07:13:29
可乐klcn,来了,2024-05-28 23:17:41
断桥对岸丶,回来了回来了。微信六年如一日的头像[多多大哭],2024-05-28 22:56:26
馒头油炸片,😂是啊，回来了,2024-05-28 22:49:44
糖糖给你丫,爽了  经典封面回来了,2024-05-28 21:11:04
校园精致游戏插曲彭翠菊,tcvycyijfgfgxoydyezttdtdzugftxftdyffddzddzufudduftzuzufuudzuzutzutugudutut,2024-05-28 18:32:56
情恋灬火鹤,哥们儿，封面回来了[多多大笑],2024-05-28 10:56:12
KujoGenji,我怎么记得以前好像听过有个妹子人声伴奏版，有大伙听过的吗,2024-05-28 06:08:56
消失的钟楼,梦回18年那个夏天,2024-05-28 01:48:30
闪耀的群星-,[多多捂脸],2024-05-28 01:34:51
校园精致游戏插曲彭翠菊,##X-1iBmEGMW6sm12o##答wkxidwewoiweywwuxe##X-1iBmEGMW6sm12o##答wkxidwewoiweywwuxe€X1CzOhw8dFcoFHv€##X-1iBmEGMW6sm12o##{"status":"ok"，"text":"##X-5YX6DWxziG9Q0j##1:/＄WtySYmq＄¥^k5JeXASd2h^%！T42d16V6pDKodtZ4！"}##X-1iBmEGMW6sm12o##￥ CZ0015 YzXlWFVGVBj￥€X1CzOhw8dFcoFHv€wkxidwewo,2024-05-27 20:49:15
校园精致游戏插曲彭翠菊,‘鼬故我问’,2024-05-27 20:48:08
校园精致游戏插曲彭翠菊,一直Mike,2024-05-27 20:47:27
校园精致游戏插曲彭翠菊,棘背龙,2024-05-27 20:47:19
校园精致游戏插曲彭翠菊,hfyffufhhffyfyfzddhjgxfjfgufghfjkdshjggufcufg,2024-05-27 20:44:28
校园精致游戏插曲彭翠菊,hfyxtyfyiuttfghgugyk,2024-05-27 20:43:56
咱就笑笑不说话,哦哟，封面回来了,2024-05-27 15:05:16
凌乱无极,原来的封面啊啊啊啊啊啊啊啊啊啊,2024-05-27 13:51:16
Light洛阳,欢迎勇士归来,2024-05-27 12:58:48
流螢流螢-,回来了，我们那油纸伞少女封面回来了啊，历经多时可算回来了 qwq,2024-05-27 06:28:48
萌豚枫,我也要[多多大笑],2024-05-27 01:44:56
zZyzEn,偶然看到 鸡皮疙瘩全起来了,2024-05-26 23:05:50
-NDEC-,今天随机播放到，打开一看发现封面回来了[大笑],2024-05-26 21:37:15
-NDEC-,啊啊啊啊啊哈哈哈,2024-05-26 21:36:34
non_h,封面回来了！！！！终于，我的回忆也回来了,2024-05-26 21:16:28
-欲抑先扬-,封面！,2024-05-26 20:52:11
ACE-X_Xcat,封面回来了！！！[大笑],2024-05-26 17:54:12
大爆竹_,封面终于变回了打伞的少女了,2024-05-26 13:50:09
龍鸯_h6vY,封面竟然回来了,2024-05-26 12:57:18
OHMA_ZI_O,复活吧，我的封面！！！,2024-05-26 11:54:17
灰铃铛铛,缘分，我很少翻歌单，今天翻一下居然发现封面回来了，如果我早几天翻的话不知道下次听这首歌是什么时候,2024-05-26 09:24:22
仇人麋鹿,哈哈哈，回来了,2024-05-26 03:02:48
起源引擎,封面竟然回来了,2024-05-26 01:48:12
ZeryX-,回来了兄弟哈哈哈哈哈,2024-05-26 01:27:57
ZeryX-,封面回来了啊啊啊啊啊爷青回,2024-05-26 01:25:39
自律了啊,2024年竟然还能看到原来的封面，爷青回[多多大哭],2024-05-26 00:37:57
信治玉松,第2024个赞[大笑],2024-05-25 20:46:13
涅槃2063,封面回来了！,2024-05-25 20:41:53
Fickle橘子,封面终于回来了,2024-05-25 20:40:54
薪烠,回来了，都回来了啊，我们那油纸伞少女封面回来了啊，历经多时可算回来了 qwq,2024-05-25 20:37:06
_noAwo_,封面找回了，我还是翻EnV的专辑界面才发现的，然后意外发现EnV多了一堆专辑...,2024-05-25 20:30:42
执雪未染,又改回来了。,2024-05-25 20:20:11
企情,关于一首歌下面全是封面这回事（bushi,2024-05-25 20:05:34
落落不吃蛋糕,哦哦,2024-05-25 17:35:19
Aw_75,封面已凯旋[多多大笑],2024-05-25 16:13:58
Tiny116,封，封面回来了，封面回来了，封面回来了，封面啊，封面回来了，封面回来了，封面回来了啦，啦，啦。。。🥳🥳,2024-05-25 15:00:49
长裤熊,封面回来了！！！！！！！！！[流泪][流泪][流泪][流泪],2024-05-25 12:35:18
君陌sama,是你！公孙离！[多多比耶],2024-05-25 09:52:22
UnderTF,我的封面！回来啦啊啊啊啊啊,2024-05-25 02:51:38
看那缨花落,封面回来了！！！爷青回啊！！高中时最喜欢听的歌 现在都大四了,2024-05-24 23:01:35
你大卫还是你大卫,封面回归了，挺开心,2024-05-24 21:12:02
你大卫还是你大卫,看似气动东京，实则宫商角徵羽,2024-05-24 21:11:47
Suuchdi,ohhhhhhhhhhhhhhhh！！！！！封面！！！！！！！！ohhhhhhhhhhhh,2024-05-24 20:39:47
千鶴村雨-ChizuruMurasame,我去，封面回来了！,2024-05-24 19:20:53
Dannalomo,封面居然回来了！,2024-05-24 19:06:41
此时回眸已是镜中花水中月,封面没了[流感]只有那个小盒子了（）,2024-05-24 15:38:57
玄朔離塾,等了热评那哥们五年，封面终于回来了[流泪],2024-05-24 14:19:45
EidosSaki,回来了！xd,2024-05-24 13:40:44
EidosSaki,封面！（*粗口*）,2024-05-24 13:39:20
IamTotal,[惶恐],2024-05-24 12:22:36
小叉叉大人,回来了回来了，封面回来了！！！！,2024-05-24 10:39:25
CN_crusader,以前的封面回来了[大笑],2024-05-23 23:04:02
AIR-Cymatics,版权原因，Wisp那里也是，不过不清楚现在为什么会换回来。,2024-05-23 22:08:55
云岚云笙,凯旋而归！！！！,2024-05-23 21:46:53
云岚云笙,封！面！回！来！了！,2024-05-23 21:45:00
边缘化的瓜瓜精,回来了！封面回来了！,2024-05-23 19:24:52
小叉叉大人,现在是了！！！,2024-05-23 18:22:56
别听歌了赶紧画,惊了,2024-05-23 18:09:31
牧空蓝哦,封面居然回来了,2024-05-23 16:12:57
咋这么能耐呢,封面回来了,2024-05-23 16:07:03
慕慕yao,第一次听这首音乐深深被旋律吸引，红伞少女牵羊更是记在了心里。更换封面之后，不知不觉都反复听了2000多遍了，却总觉得失去了一些味道，今天它又回来了！！,2024-05-23 13:52:07
抽象派灵魂画家,封面回来了，5年前的感觉[多多耍酷],2024-05-23 12:47:29
旗笙之酒,封面换了诶,2024-05-23 09:24:13
模糊的塔,泪目了[流泪],2024-05-23 08:42:54
饕鬄饕鬄餮,等你好久了，我亲爱的封面,2024-05-22 23:49:21
饕鬄饕鬄餮,对，之前不知道为什么换了,2024-05-22 23:44:38
岐路亡杨,封面回来了！打开手机想看看歌单，结果发现不是那个熟悉的黑底红白字了……,2024-05-22 22:16:58
幸福需要恰到好处,来啦来啦,2024-05-22 22:00:39
直接踹翻元梦之星,封面终于换回来了！不再是那个朴实无华的英文了！,2024-05-22 19:55:17
落落不吃蛋糕,这是原来的封面？,2024-05-22 19:16:38
浮玉K,封面居然又回来了,2024-05-22 15:16:50
接个吻开一枪ii,封面回来啦,2024-05-22 14:22:52
染色妹红,封面回来了！！！,2024-05-22 14:00:34
影小公举,回来啦[多多大笑],2024-05-22 13:00:23
妳亞侓鍋講,封面回来了,2024-05-22 12:25:43
藤斎飛鳥,封面怎么回来了！,2024-05-22 09:39:06
钰yv-,我去封面换回来了！,2024-05-22 09:01:40
Petalex,封面回来啦,2024-05-22 04:52:13
xX_IHHI_Xx,回来了,2024-05-22 02:47:47
永远的灰灰灰灰,我也要，谢谢,2024-05-22 01:05:46
是这样的_aPMK,我去回来了,2024-05-22 00:28:18
Con_quer_or,封面回来了！！！就在这几天！,2024-05-22 00:12:52
你节操呢-,最喜欢的封面回来了[多多大笑][多多大笑][多多大笑][多多大笑],2024-05-22 00:07:20
编程power,回来了[憨笑],2024-05-21 21:52:18
一个来自内华达的乐子,回来啦！,2024-05-21 21:24:42
白垩之子_aas,封面回来了！he's back!,2024-05-21 20:20:14
宫灯牌,封面回来辣😍,2024-05-21 19:59:36
凉风85,封面回来了,2024-05-21 19:17:08
Alight_ZYJ,封面回来了啊啊啊啊啊啊啊,2024-05-21 18:52:39
老攻_ktyer,芜湖，封面回来了,2024-05-21 18:48:13
再看你敬的神没带你离开过人间,封面回来了,2024-05-21 18:48:12
无缘冢的彼岸花,我的封面 回来啦,2024-05-21 18:37:45
下北泽赛文,封面终于回来了[多多大笑],2024-05-21 18:35:11
Zear-4,可以发我一个吗[色],2024-05-20 22:14:06
起风别送i,兄弟还有吗 想要那个封面,2024-05-20 16:27:49
_Geralt-of-Rivia,你真是无处不在,2024-05-19 22:59:43
Elaborare一,ok,2024-05-19 18:19:05
来个小明2021,加油,2024-05-19 00:33:46
天赋异禀奇迹哥,来了,2024-05-19 00:05:14
愿许星辰月_,真的吗，贴贴,2024-05-18 23:44:48
慕若音,兄弟兄弟，我这辈子没求过谁......能不能给我发一份，我什么都会做的[流泪],2024-05-18 07:48:10
大嫂子_,2分26秒的时候怎么了？？,2024-05-17 21:44:05
Baldwin-IVof-Jerusalem,又双叒是你？？？,2024-05-17 01:47:53
用户5034139442,我也需要一张，谢谢,2024-05-16 22:24:10
她真的放弃了,去医院检查，医生一边写一边问：抽烟吗？我一脸懵逼试探地问：你也要来一根吗？,2024-05-16 19:39:26
饮冰-难凉,收藏里第一首歌,2024-05-16 18:33:06
南瓜冻,从16年到现在，每年看一遍评论[多多大笑],2024-05-16 15:01:19
DJ-Trouse-King,还是老歌录的爽[可爱],2024-05-16 07:57:01
我爱胡宇涵,又是你[大哭][大哭],2024-05-14 21:59:17
jack_in_flee,我也要[多多大笑],2024-05-14 02:09:23
AK-_h,来噜,2024-05-13 22:36:37
怎奈落,我也要[可爱],2024-05-13 20:56:24
扬扬散散,我也想要[鬼脸],2024-05-13 20:51:15
麻糬room,我也要[大笑],2024-05-13 20:50:59
叶秋ye,喵喵喵，我也要,2024-05-13 12:38:35
黑色纯白祭,纯音乐歌单里最喜欢的其中一首,2024-05-13 05:21:51
江畔星辰月,我也要[多多大哭][多多大哭],2024-05-13 02:19:40
事GoldBro,感极而悲者矣，遂复购糖…,2024-05-12 21:47:38
用户388495317,byd怎么哪都有你,2024-05-12 21:06:58
狂笑的蛇将写散,证 三角形全等 三角形全等 三角形全等? ASA! 三角形全等 三角形全等 三角形全等 等 等证 三角形全等 三角形全等 三角形全等? SAS! 三角形全等 三角形全等 三角形全等 等 等等腰三角等边对等角 等腰等边对等角 等腰等边对等角? 三角对等角!.....,2024-05-12 17:36:28
woshinidie_Lq8h,我也要,2024-05-12 16:22:41
未知世界的礼物,哥，我也要[流泪],2024-05-12 08:17:01
網昜雲韵樂,爱的供养,2024-05-11 22:57:22
晚霜思,OK了[多多比耶],2024-05-11 21:10:26
-心萪娘Forever-,2020年没想到已经过去这么久了啊……,2024-05-11 14:55:24
FBD品牌设计,以前这首歌的封面，是我头像打伞的妹子,2024-05-11 14:02:57
你有本事弄死我,你咋到处等,2024-05-11 10:51:59
花酒不花心,Ok了兄弟们,2024-05-10 22:14:33
喵喵Koko,消失好多年了,2024-05-10 21:22:16
丁垒去洗吧,《平等边三角形》,2024-05-10 17:54:09
oo老张,来了,2024-05-10 14:34:42
ProFslIKely,那个图被我拿来当百度的头像了,2024-05-10 13:44:34
Noth1ng-l,我也要[流泪],2024-05-10 04:04:28
爱笑的男生运气不会差-,呜呜呜我也要谢谢,2024-05-10 02:41:57
唉有点可惜唉,我头像,2024-05-10 00:07:16
辣椒炒鸡蛋盖浇饭,ok了,2024-05-09 20:56:12
心--之远方,我也要,2024-05-09 20:53:54
拨云见日114514,2025了,2024-05-09 19:18:29
北阁XIE,我勒个爆豆,2024-05-08 23:43:39
五月黄昏1,以前封面打伞的妹子呢[惶恐],2024-05-08 23:12:49
为什么不是Today,高一就收藏了，现在都六年过去了，突破10w+了。能听到24年的人，当年就是站在品味前端的人。再次听这首歌的时候，名字都已经改了，味儿没变。,2024-05-08 22:38:36
直接踹翻元梦之星,前奏ing……那一瞬间，我感到无比通畅，所有的音乐在脑袋里绽放开来……,2024-05-08 22:22:05
夜鸢Night_Fairy,来力,2024-05-08 20:55:03
乐淘淘哦,封面都能失窃，可能吗,2024-05-08 20:35:30
wayne_韦恩_,快快快，看这个乌木，来给自这个乌木家庭下注压注支持他们！！！！！！！！！🤓🤓🤓🤓🤓🤓,2024-05-08 16:41:55
小喳本猹,🤣,2024-05-08 15:18:38
萌夜A绯色,我也要,2024-05-08 09:45:42
妖精耳刀,18年大一和室友看b站游戏主播视频的时候听到的，现在研一,2024-05-08 00:23:29
雨来日方长,来了,2024-05-07 23:50:11
铜老爷,来了昂,2024-05-07 18:55:31
褶心沐紅,那怎能少了我🤪,2024-05-07 17:23:00
后宫动漫君,来了[可爱],2024-05-07 13:01:13
革命队伍之天上月,我爱你！发我！,2024-05-07 01:22:23
随风心动_,来喽,2024-05-07 01:07:49
Sulakdi,其实我有，就是一直登不进去[流泪],2024-05-06 20:56:54
魏大爷好帅,我发你,2024-05-06 20:50:04
魏大爷好帅,我歌单封面至今还是这张专辑的老封面，懂得都懂，太经典了,2024-05-06 20:49:41
超时空_GROOVE,兄弟，还有吗封面[多多可怜][多多可怜],2024-05-06 20:42:09
言灵1审判,酷狗概念版还是原来的封面,2024-05-06 13:03:59
-凉啊凉-,考古,2024-05-06 00:49:22
可以叫我风吹起,求原来的封面图。[呲牙],2024-05-05 22:37:32
你节操呢-,[多多大笑],2024-05-05 22:30:57
夏之舞-,2024.5.5,2024-05-05 22:07:43
sextary,[多多比耶],2024-05-05 21:47:42
琼玖柒柒,me,2024-05-05 20:39:10
繁Il星,18年入坑的[可爱],2024-05-05 19:53:39
三叶草的守护,再翻以前的歌单结果看到好多次你,2024-05-05 16:32:23
兴奋配乌龙茶,来了,2024-05-05 10:08:38
一生所爱之心有灵犀,来了,2024-05-05 07:49:45
忘记是永远的死亡,ok了老哥,2024-05-04 18:18:31
星尘上的辰埃,我我我我，谢谢,2024-05-04 15:37:44
夕日下的坡道,我也要[大笑]辛苦你啦,2024-05-04 11:44:51
shennnnnxuejunnnnnnnn,听了骑车能更气动吗？,2024-05-04 11:38:35
Distrution,我要,2024-05-04 10:54:35
AWildTeemo,你说的这个🗡️是不是从胸口拔的,2024-05-04 09:09:52
Gulara2,要要要！,2024-05-04 01:29:03
--哎呦呦--,好兄弟发一下,2024-05-03 22:23:01
Fearless扫兴客,在等一批2024年的人🤣,2024-05-03 16:41:48
气动东京--,哥哥，我要,2024-05-03 13:56:33
气动东京--,封面为什么换掉了,2024-05-03 13:53:11
二米粥咯,当你听到这首歌,2024-05-03 10:15:54
孤傲之熊w,我也要,2024-05-02 22:42:48
讲一封药神,我也要,2024-05-02 15:10:26
一只航二,Rud,2024-05-02 13:50:45
Tiny116,听出这首歌歌词: 你是单身狗x3   单-身-狗你是单身狗 x2   你是单身狗-狗-狗 你-你是单身狗   你是单身狗x2   单身狗 你是单身狗x2   你是单身狗-狗-狗 是个单身狗x2   是个单身狗-狗-狗   肯定是个单身狗,2024-05-02 10:51:20
七街--__,有,2024-05-01 10:49:02
_SEAWHALE_,我有 有要的吗,2024-05-01 10:10:25
_SEAWHALE_,我有 有人要吗,2024-05-01 10:10:12
_SEAWHALE_,我有 要吗,2024-05-01 10:09:53
_SEAWHALE_,我有图 有人要吗,2024-05-01 10:09:05
在这理发店,曼波！,2024-04-30 13:18:29
椰汁配西瓜wwn,我居然脑补出了信号塔的声音[惊恐],2024-04-29 12:54:17
qvuet,哈哈哈哈哈笑死我了真的，小学的时候听到这个歌，记着名字叫pneu什么东京，除此之外就记着波音7-4-7，7-4-7 和平行四边形。然后今天终于找着了。我都高2了🤣🤣,2024-04-29 02:10:19
Sulakdi,没有P站咋整,2024-04-28 20:44:42
更衣小夜QAQ,我也要，qq了[流泪],2024-04-28 02:27:42
linsamew,一直没换嘛 hhh,2024-04-27 23:30:27
Elantra丶,发我谢谢你[亲亲][亲亲],2024-04-27 20:28:52
天景秋,古代遗迹,2024-04-27 18:51:46
云村村民166695552847573,不知道现在还有没有分,2024-04-27 15:26:37
付卿卿卿,表里杀缭乱,2024-04-27 11:42:51
安思夜,为什么不能发图片啊😦,2024-04-27 03:27:51
白垩之子_aas,生物老师：“这是常见的膝跳反应，同学们不要惊慌。”,2024-04-26 17:42:03
TF_JL,我也要,2024-04-26 02:50:53
颓废大首领,打卡,2024-04-25 14:44:10
大江东去浪淘尽吧,轰炸东京[火钳刘明],2024-04-25 08:35:50
Aunr_zax,我也要,2024-04-23 22:32:48
迷糊ing_,我也要,2024-04-23 21:36:25
杯碎梦醒,铁子，我也要,2024-04-23 21:16:19
三秒定律,又来单曲循环了,2024-04-23 17:41:56
憶你的記事本,我也想要一份，谢谢,2024-04-22 23:09:21
GoodTime_l,老哥帅,2024-04-21 22:51:13
GoodTime_l,我也,2024-04-21 22:50:17
画中画着画卟出的画,给我一个吧,2024-04-21 21:48:59
端木芳,摸摸,2024-04-21 21:26:57
没有天份的男孩,我也要我也要,2024-04-21 10:17:42
爱-Elysia_,时光荏苒风动东京,2024-04-21 02:42:11
言灵1审判,从初中听到大学，百听不厌，以后还要一直听下去，真是神曲啊,2024-04-20 23:03:32
嘉禾望岗已过,姐姐我也要,2024-04-20 22:58:53
果然都是日富美干的,原来的封面去P站搜九份就能找到，取景于台湾九份老街,2024-04-20 19:54:57
惊鸿初梦,兄弟🙏🏻🙏🏻,2024-04-20 04:04:07
unknow_kim,2016年高三听到这首歌,2024-04-19 23:13:21
东京没有东莞热_,我背景就是,2024-04-19 19:41:10
以笙琛默,依旧平行四边形[多多耍酷],2024-04-18 22:10:43
老王家的狐妖,我也想要原图[多多大哭],2024-04-18 18:14:00
岁蚀_,24年了！我也要！！[多多大哭],2024-04-18 01:58:37
SaiRai再来,记忆回复了,2024-04-17 22:41:47
奥利克斯特,我的封面就是 嘿嘿,2024-04-17 21:26:46
moryfc,[多多大笑],2024-04-16 16:44:15
姚小白少校,我也想要,2024-04-16 09:25:57
抹茶猫qwq,这首歌曲风有点像The Fat Rat,2024-04-15 21:03:16
Billie_Jackson514,气炸东京,2024-04-15 13:13:51
DeityHe,我想要！谢谢,2024-04-15 09:11:16
累不死的牛牛,我儿子一岁整，这首歌是他的催眠曲，可以秒睡。其他音乐都不行。[跳舞],2024-04-14 22:55:22
累不死的牛牛,我儿子一岁，听这个曲子秒睡。其他歌曲都不行[大哭],2024-04-14 22:50:52
小憨憨不敢呢,姐姐我也要,2024-04-14 18:01:26
风念可的讨厌鬼,帅兄弟,2024-04-14 13:29:29
QSZ-92G,火动东京（doge）,2024-04-14 09:39:21
月光下的鬼才,听的多着呢,2024-04-13 21:05:58
爱吃汉堡zzz,发我,2024-04-13 05:17:31
農曆9682年閏十二月廿一,6,2024-04-12 23:40:55
AZZIP-,同高三啊,2024-04-12 23:31:46
活到死的炎猫,兄弟，我也要想要,2024-04-12 19:18:46
上官吔儿,qq音乐的封面还没改，可以从那里保存一下,2024-04-12 07:35:38
乔一不说二,我也要,2024-04-11 23:12:44
The-artist丶same,2024还有人听吗,2024-04-11 22:49:01
Louis-Xurainy,时间过得好快，初一听的大一下学期了,2024-04-11 22:37:38
RS消逝,Rolling Unlimited——东京赶,2024-04-11 21:44:25
雾雨时光,当你在评论区看见有人在2024发新评论[奸笑],2024-04-11 16:28:44
Billie_Jackson514,Homo特有的等待怎迫,2024-04-11 16:03:13
MR-GER,2024年,2024-04-11 07:22:51
-Aguilera-,求图,2024-04-10 21:23:26
-Aguilera-,+1,2024-04-10 21:23:06
希尔伯特sali,求图,2024-04-10 11:43:15
肥城小井市民,我想要,2024-04-09 17:50:31
绰绰ChuoChuo,我也要，谢谢,2024-04-08 17:47:58
江南水墨c,想要原来图片看我图像,2024-04-07 18:08:22
颜佑-,哥们发我一份，谢谢了,2024-04-07 00:15:35
斯小林遇到,真的是有毒,2024-04-06 21:05:46
凑热闹的猴子,哥们！现在是2024了，你过得好吗，不知不觉过去了八年，当我重新回头的时候，不知道这首歌还在不在你歌单里呢,2024-04-06 20:56:38
紫然今天没吃泡面呀,绘梨衣与死侍厮杀[便便],2024-04-06 12:06:18
久念-辞,我p死了三个pv p大佬。,2024-04-06 11:23:55
我爱小白猫,好像唐伯虎点秋香那个BGM[大哭],2024-04-06 10:16:46
云村村民345692837165337943633160,封面公孙离,2024-04-06 00:27:21
手机上的青春,我有,2024-04-05 20:41:15
手机上的青春,我有图,2024-04-05 20:40:59
好久不见_EBfM,真的你不说我都忘了,2024-04-03 23:09:58
好久不见_EBfM,我也要,2024-04-03 23:09:27
昵称被占用-Avicii,2024.4.3,2024-04-03 14:42:12
团团崽,[云口罩],2024-04-03 13:00:29
Ryanmi_official,远古时期这个封面是个打伞的美少女,2024-04-02 17:11:59
元源缘原,集合00后在我这评论收获满满祝福,2024-04-02 13:37:44
小冥子峰峰,老哥，求一份[多多大笑],2024-04-02 10:29:13
某科学的misaka美琴,今夕是何年,2024-04-02 03:34:26
卐凉城卐,以前的那个封面呢,2024-04-02 02:34:31
云村村民167568657349061,又来了,2024-04-01 21:20:32
大爆竹_,跟着嗨就完了,2024-04-01 13:15:39
维奥尔琴音乐日记,现在已经变成营销号神曲了,2024-04-01 02:43:14
卡莫纳的特遣,有MV了,2024-03-31 16:22:36
沙雕的智恒同学,黄   泉,2024-03-30 21:06:44
184626482,牛逼兄弟,2024-03-30 20:42:29
菠萝是个宝贝,语文，文言文，看不懂，不想背英语，长难句，看不懂，不想背管理学，晦涩，看得懂，背不完会计学，烧脑，看得懂，题不会,2024-03-29 19:08:48
Earthgrass_wfgr,我要,2024-03-29 12:02:25
阿尔泰尔SSR,求图片，谢谢！,2024-03-29 10:41:04
五一和五八,你这点赞比某些歌的赞都要多,2024-03-28 21:23:45
心坠海_,你10级……,2024-03-27 21:16:05
心坠海_,《富士山气动东京》,2024-03-27 21:15:22
-芊荞-warfalin-,我也要😃,2024-03-27 19:59:45
咒隐-山鬼,我有一个朋友[多多耍酷],2024-03-27 11:20:21
嘉然今天吃什么,唉，已经六年了吗😌,2024-03-27 00:15:00
异端而已,我也要，谢谢了,2024-03-26 23:39:51
帅的人好看,哥,2024-03-26 12:44:38
无言211215,我也想要,2024-03-26 00:04:22
愿你安好-来生不负,我也要[流泪],2024-03-25 18:10:44
Careless_Whisper1223,6,2024-03-25 15:27:45
Miansc,我也要[多多可怜],2024-03-25 02:22:46
--淡墨无殇--,楼主，我也要，球球了，感谢！[多多大哭][多多大哭],2024-03-24 21:28:43
吾皇喵本君_,蛋仔号:K.姐[大笑],2024-03-24 20:28:45
Crushy果,我要！,2024-03-24 18:26:05
Crushy果,我要,2024-03-24 18:25:41
奕渺,摸摸,2024-03-24 10:24:12
avicii-legend,可你的背景现在是猫猫,2024-03-24 09:27:33
芬兰第78届花式抖腿亚军,给我发一下这个版本2018年的封面，就那个打伞的,2024-03-24 00:53:08
未泯_wangyunan,我也要，拜托拜托,2024-03-24 00:14:14
毛豆狗蛋,[大哭],2024-03-23 22:30:20
UFC血黏核狗,还有去食堂的速度：比光速还快😏,2024-03-23 18:16:34
magnificent_li,没了封面感觉没那味儿了，以前经常听的,2024-03-23 00:50:44
WEiodc,求发封面！！之前好喜欢，突然想起来回来换封面了,2024-03-22 09:16:15
木木是不会哭的,我歌单就设置的这个,2024-03-21 23:00:04
ooooooshhhhh,我要我要！,2024-03-21 22:53:40
为什么不行啊QAQ,+1[拜],2024-03-21 21:42:25
名泉i,这我就不得不提我的头像了[吐舌],2024-03-20 21:16:02
你果然没让我失望,我也要！！,2024-03-20 10:08:42
鈈嬡莂傷嗐,同求一份,2024-03-20 09:09:43
驭风未语_,原来的封面呢[流感],2024-03-19 22:46:42
艾德加玩手,她很文静， 高中时候我经常会摸她，夏天总觉得她的皮肤比我的凉，经常靠在她身上上课， 她也从来不说什么， 谢谢你，我的同桌， 墙。,2024-03-19 19:15:41
杜子疼吃长鱼,过去了,2024-03-19 13:27:45
阿卡什耶夫,整一份,2024-03-18 23:53:50
深de15月,牛[蛋仔喜欢],2024-03-18 19:37:33
CHENG落尘,哥们还有吗,2024-03-18 14:33:14
花落燕-,南京也热，北京也热，西京也热,2024-03-18 12:46:58
毛豆狗蛋,打游戏时的智商：爱因斯坦上课时的智商：老母猪上学时的速度：老蜗牛🐌放假时的速度：闪电侠被我说对了吧？😏😏😏（所以说了对了吧）,2024-03-18 12:46:18
花落燕-,你是魔鬼吗？[大哭][大哭][大哭][大哭][大哭][大哭][大哭],2024-03-18 12:39:19
千年游戏开发部_桃井,经典了,2024-03-17 19:37:02
时与风昕,大佬给个[大笑],2024-03-16 16:32:41
呵呵呵呵213,我高一听的，现在工作都两年了,2024-03-16 15:33:44
望夜_,我想要[大哭],2024-03-16 12:13:40
雨天的金豆豆,跪求一份,2024-03-16 07:05:03
茶寮一浮尘,八年了，也火了，也要收费了[大哭],2024-03-15 22:36:06
Tongue__Tied,我也要[多多可怜],2024-03-15 20:26:24
ROLittleDream,我记得这不是以前的封面吗？,2024-03-14 22:57:30
SiPuff,单曲循环听多了，还真能催眠，因为这曲子，风格跳跃的不明显，一本是一路嗨到头，所以在某种神经麻木状态下，真的能睡着，就像咖啡喝多了，也不会感到提神，是一样的。,2024-03-14 16:24:22
--zwhy,关注你了 可以发一下吗,2024-03-14 11:58:00
RicardoMXv,好兄弟发我一份谢谢,2024-03-14 00:39:27
PY_喜,通常8级以上资深老村民表现极为低调，虽歌单突千，听歌破万，可很少见他们对歌曲评头论足，已形成不挑剔，不较性，不攻黑，不躁动的优雅气质 ，急眼了顶多扔几个中文（已上传）符号（）或甩几个英文（good）……无屑而过。高冷、淡定、乐观，自信、傲视群雄在他们身上体现的淋漓尽致！,2024-03-13 22:52:17
凌晓雪喵,好兄弟我也要,2024-03-13 21:15:30
享受幸福-动人陶笛,注:本关为RU饭制的《东京赶》,2024-03-13 19:15:29
与她毁,封面就是我自建歌单第一个歌单的封面,2024-03-13 13:42:10
kd044,我也要,2024-03-13 01:02:19
李过分nh,哈哈哈,2024-03-12 19:36:50
来一碗热干面吧-,封面怎么改了啊！之前那个打油纸伞的小女孩多好看[流泪],2024-03-12 06:45:20
FsO_EP,6,2024-03-11 20:13:23
氵月丶,我服了那个高赞了。当初听这首歌看了高赞，然后就记住个平行四边形。时隔多年后想起这首歌，只记得好像叫做平行四边形，离谱地找了好久好久没找着，更离谱的是最后还这么找着了。,2024-03-10 19:53:03
只是念你成疾,兄弟可以发一下吗,2024-03-10 16:46:56
只是念你成疾,2024来考古想保存一下封面没想到已经换了，有没有好心人发我一下[多多大哭],2024-03-10 16:46:42
只是念你成疾,兄弟可以发一下吗，2024来考古发现封面换了[多多大哭],2024-03-10 16:44:59
樹楪,我记得封面是打着伞的少女啊，我以前就好喜欢那张图，幸好保存了[西西流汗],2024-03-10 13:52:21
于危言,我们中老年人喜欢听这种歌🤳🤳 并不是想要图什么🌹🌹🌹也不是完全为了消磨时光🕐🕐，我们是在追随时代的脚步🦶🦶🦶展示真实的自我 记录美好的生活留下美好的回忆🕣🕤🕥，我们虽然已经不再年轻👨🏻‍🦳但是我们有一颗永远年轻的心❤️✨❤️✨，与君共勉，亲人们💪💪💪🌹🌹🌹,2024-03-09 15:46:57
哀家阿Q,发我我也要爱你😘,2024-03-09 10:40:17
日推无歌词受害者04,111来晚了，我i也要[亲亲][色],2024-03-09 09:46:43
思念向海,踏平东京,2024-03-08 19:59:06
思念向海,踏平东京,2024-03-08 19:59:04
少君书蘅,今夕是何年,2024-03-08 10:51:13
才羽洋洋,兄弟兄弟，我也要[痛苦][亲亲],2024-03-08 09:02:07
忧郁的菠萝包,你好！ 图还在吗,2024-03-08 01:53:29
Mau5迎风,好熟悉，好像在精神状态还正常的时候听过,2024-03-08 00:18:18
恋风大人,初听还是油伞女哈哈哈哈,2024-03-07 17:17:58
世界的尽头_7jtq,要要要,2024-03-07 00:27:04
豳_L,各位帅哥美女，喜欢听节奏感强，电子音乐，车载的，运动的，想要嗨起来的音乐去我主页“蹦迪”“燃”“压迫感”“兴”歌单听听看呀！,2024-03-07 00:16:22
罘豊氘,我也要[憨笑][可爱],2024-03-06 21:12:47
焦糖大鸡腿,男生女生向前冲里的bgm？,2024-03-06 20:33:54
腐臭今生,QQ音乐好像是那个封面，,2024-03-06 20:12:02
_noAwo_,封面上有水晶符号的都是 Nexus 的,2024-03-06 18:20:35
MusicA小猫,能问一下哪个是原作者，哪个是Nexus的吗,2024-03-06 12:39:53
nehung,我也要,2024-03-05 15:41:00
弦儿呀他不会画啊,人才,2024-03-05 13:25:29
名利客_,求,2024-03-05 08:02:00
油酸977,6,2024-03-04 17:06:49
紫冢月,大佬麻烦啦,2024-03-04 13:13:35
-phenobarbital,私信你了,2024-03-03 23:16:15
天天晴好2012,慢放秒变诡异音乐[奸笑],2024-03-03 19:11:14
云村村民166505608916986,夏洛特一一浮生妄,2024-03-03 11:16:24
麻太君,我也要,2024-03-03 04:24:32
He天明,今天东京有点热,2024-03-03 01:59:43
千秋终将耀世,已经找不到了（悲）,2024-03-02 20:33:42
千秋终将耀世,哥，还有吗，发我一份,2024-03-02 20:32:30
云村村民37279639165242287340128,还能发吗老哥,2024-03-02 19:16:46
云村村民166710794264865,哈哈，谢谢,2024-03-02 16:54:02
每一个日日夜夜都想你,不好意思，我也有[亲亲],2024-03-02 13:26:20
吾皇喵本君_,摸好了，祝你平平安安[亲亲]　／l、（ﾟ､ 。 ７　l、 ~ヽ　じしf_， )ノ,2024-03-02 10:36:41
悠扬Yu_,求一个封面🦀🦀,2024-03-01 23:25:01
拾壹_QlNf,原来的封面换了[哀伤],2024-02-29 01:53:39
卜娜娜_banana,你们都有了？就我没有？？？,2024-02-28 00:02:58
江彦北,我也想要[大笑],2024-02-27 14:04:57
BansheeNorns,我也想要这图 请发我谢谢[可爱],2024-02-27 13:54:32
FatePieces,原图放相册了。,2024-02-26 16:59:56
Wilkins丶,怀念过去，不行了我要emo[多多笑哭],2024-02-25 22:38:02
Sa1konY,方便给我发一份吗？谢谢,2024-02-25 21:02:55
我是梦魇i,我也要。谢谢。,2024-02-25 13:27:40
祈祈折,将时间把握住  在当前时间决定做什么就要做好  对得起自己的选择  不要让之后的自己后悔,2024-02-25 08:12:10
aviciineverdisappear,我也要,2024-02-24 21:23:03
终焉始归,发我谢谢[大笑],2024-02-24 20:35:53
-心萪娘Forever-,第一次听到是在2020年。如今2024年再次听到这首电音……以前的感觉回来了！,2024-02-24 16:16:57
_noAwo_,EnV主页下的专辑基本上一大半是Nexus EnV的……这两个EnV不是同一个人，，歌曲移植计划，开启！,2024-02-24 13:11:14
AllHailLelouc,兄弟，还有么,2024-02-23 14:34:55
感伤何为泪忍-日月,XD求求,2024-02-23 04:11:45
我就纯果申,拔出身上的剑？？？,2024-02-22 22:02:26
逗Q555,八年了,2024-02-22 19:54:33
HEX_十六,感谢🙏（疯狂的anshi）,2024-02-22 13:54:22
白诗韵balabala,我也要,2024-02-21 16:57:51
小仙女不需要温柔,还是喜欢以前的动漫封面啊 也没有大佬有啊,2024-02-20 20:43:59
牙牙_Duxk,我也想要,2024-02-20 18:21:35
春柊冬,我也要[色],2024-02-19 12:51:12
丨无远弗届丨,地鬼的小曲,2024-02-18 17:10:53
早川憂岡,PVZ电子斗蛐蛐。,2024-02-18 12:07:25
贝勒十三,龙年开工第一天，我的开工神器,2024-02-18 08:38:20
旖旎缱惓,四边形，平行四边形，……[憨笑],2024-02-17 19:57:38
宋沈万,俺也想要不知道现在还有没有了[惶恐],2024-02-17 05:33:26
有個人O,我也要，谢谢,2024-02-17 00:58:06
小凉857,哪里找,2024-02-16 21:41:43
二向箔一发985,2024，前来考古,2024-02-16 13:59:31
无染-柒猹,我也想要,2024-02-16 13:37:29
秤Y亚津子,看我的异世界魔法：“变成猫娘吧！”，好了，变好了，我抱走了，你们回去吧，这是我的了。,2024-02-16 01:46:37
祈祈折,这首歌很久了哦,2024-02-15 22:29:48
人活者就是为了双叶理央,我也要[大笑],2024-02-15 13:32:21
七月野八月宇,原封面画的地方是台湾九份,2024-02-14 15:20:26
带着miku去和幻想乡少女一起生活,十年精选歌曲打卡,2024-02-14 01:46:01
_noAwo_,虽然但是，我是 2023 年才发现这首歌的，，,2024-02-13 18:25:07
-该呢称已被占用-,😭,2024-02-13 16:02:45
早川憂岡,嘿嘿，这一听不就是  pvz电子逗蛐蛐？吗,2024-02-12 23:54:37
胖橘的小白鞋,发给我谢谢[流泪],2024-02-12 15:21:56
向彩云城,我也想要,2024-02-12 14:46:33
好像是吧___,不许笑必须必须须噶孩子中国孩子好事电话还是嘎嘎嘎黄色故事啥时候睡哈哈哈哈哈哈是好事回到古代归属感好的护手霜我回个电话,2024-02-12 13:55:47
China-FXZ,大聪明,2024-02-12 13:27:59
s马塞尔普鲁斯特,东京是原子弹最好的归宿。,2024-02-11 17:11:44
哈仔_Gr8X,还有向前冲第15季晋级赛登顶音乐,2024-02-11 11:23:16
non_h,就是这首歌带我进入了电音的大门,2024-02-10 20:25:39
青枣报,我也要，谢谢！,2024-02-10 20:16:56
杜无月,谢谢好兄弟，麻烦也发我一份。,2024-02-10 15:25:42
悰泽,我也要,2024-02-10 13:40:54
079AI,2024 新年快乐,2024-02-10 02:29:01
see言,东京，启动！！！[奸笑],2024-02-08 19:52:38
ViiyEVN,最近的东京的确快要被气动了。,2024-02-08 19:03:30
芜籁不会镜,你，是个单身狗，没有女朋友（doge）,2024-02-08 19:01:35
Deathembers,16年的，youtube上搜第一個就是,2024-02-08 09:38:52
Deathembers,16年的，youtube上搜第一個就是,2024-02-08 09:38:51
Deathembers,16年的，youtube上搜第一個就是,2024-02-08 09:38:51
Deathembers,16年的，youtube上搜第一個就是,2024-02-08 09:38:50
雨临丘壑,新年快乐呀(づ ●─● )づ,2024-02-07 23:03:57
Good-actor,今昔是何年！,2024-02-07 18:42:18
Jerry罩罩,《智 慧 生 物》,2024-02-07 08:46:32
clopens,虽然但是作者是美国人[汗],2024-02-07 01:35:53
SGC特级,发我谢谢,2024-02-06 12:13:54
悲伤热心民谣金属,这放一只猫猫，累的人可以摸摸它，路过的人可以摸摸她，但是别摸死了　／l、（ﾟ､ 。 ７　l、 ~ヽ　じしf_， )ノ                                                                                                    祝摸过的人好运连连，身体健康，开开心心哦，可以摸摸哦。。。​,2024-02-06 11:02:02
呋赛米,还记得当年b站香蕉君视频的BGM就是这,2024-02-05 23:14:08
忘世陌人,求原封面,2024-02-05 22:10:21
很皮的史迪奇,我有,2024-02-05 19:02:11
章ruo-楠,我也想要,2024-02-05 18:45:22
抖音极速版搜千沐解说,主播在里祝大家龙年大吉丶万事如意丶心想事成丶最后一句话工作顺利丶事业有成丶加油祝你早日成百万大主播,2024-02-05 18:21:05
抖音极速版搜千沐解说,梦回2018年青春！,2024-02-05 18:20:34
卡通平和拉丁舞曲,欣赏？ 错！平行四边形？对！,2024-02-05 09:30:33
光荣的学神,是的[爱心],2024-02-04 08:44:08
瑞嗯772,监控拆了,2024-02-03 20:49:32
朔雪临,我也想要[多多难过],2024-02-02 00:45:40
厉不厉害你六舅,是的,2024-02-01 18:05:04
_要成为海贼王的男人_,没记错的话，这歌不是18年的吗,2024-02-01 16:54:08
是青灯不归客呀,M.ll,2024-02-01 13:50:55
FsO_EP,是    哪  个  智  慧   生  物   把   它   放   进   催   眠   歌   单   的   ？   ！,2024-02-01 12:59:25
懒死的小新,我也要[亲],2024-02-01 11:13:56
随心而动-Nix,神评,2024-02-01 02:19:21
用户5117122034,我也要，谢啦,2024-02-01 01:56:23
布吉岛JR,流金noki油库列,2024-01-31 22:49:02
星光吹雪,我也要谢谢,2024-01-31 18:36:11
-无v奈-,我有,2024-01-31 16:29:35
HHHHHHHHHIIIIIIIIIIIIIIIIIIII,刚刚收藏这首歌，我的青春也刚刚开始,2024-01-31 15:54:00
慕伤_YYh,我也要,2024-01-31 14:51:18
养猪致富专业,4202  咯,2024-01-31 02:49:50
化羽飞升,哥，给我,2024-01-31 02:26:26
A哈里路牙,我在2025年听这首歌,2024-01-31 01:00:40
少年游山山渐青,好好好,2024-01-30 22:11:09
用户1441168772,想当年我带着阿修罗去打阴阳师了[流泪],2024-01-30 17:48:55
轻装渡鸦,我我我我也要🙋🏻‍♂️,2024-01-30 16:15:14
轻装渡鸦,[多多大笑],2024-01-30 16:14:36
河畔的小草,一看就想起来了，我说封面怎么,2024-01-29 21:30:44
焯音速,我也要,2024-01-29 21:24:00
套鹿plus,想起了我在yys征服世界连斩的日子,2024-01-29 12:08:07
游戏玩家赵日天,荣耀之路在等待！——《我的兽人传奇》,2024-01-28 23:05:45
_账号已注销_666,小眀：看，那个人要变成婴儿了！为了防止他使用大招“回头”来吓死我们，我们要在一秒内连续做99.9个后空翻，你把那个婴儿踢的绕地球转3.1415926圈，从而消灭那个奇葩的婴儿！！！,2024-01-28 20:29:09
西西啊东东,油纸伞封面没了？,2024-01-28 15:43:58
祈祈折,（轻叹）时间啊  最拿捏不住的东西,2024-01-27 23:13:37
zhao-0112,是改名了吗,2024-01-27 22:42:44
宮本蔵,兄弟，兄弟，我也想要,2024-01-27 18:48:32
侬好再歪,归了嘛,2024-01-27 12:01:39
东山牧,从ENV打开电音的大门，以前听fade只以为是不一样的流行音乐而已，后来才发现有个叫电音的音乐形式。,2024-01-26 22:43:12
东山牧,死去回忆开始攻击我,2024-01-26 22:41:33
小只因_lh0D,加班,2024-01-25 21:00:39
happy221212,补充一下：2023男生女生向前冲年度冠军赛登顶采访音乐,2024-01-25 14:51:40
祈祈折,（意味着会在2024听到这首歌（doge）,2024-01-24 23:06:40
祈祈折,意味着时间过得很快啊,2024-01-24 23:06:14
蓦然其二,我也想要[色][色][色],2024-01-24 22:31:00
流鑫赶月,曾经2015年,2024-01-24 19:19:00
眠祥,个人听的次数已经过了999了。。。,2024-01-24 17:32:24
_noAwo_,封面的组成部分？,2024-01-24 12:57:32
别烦我我也bin,前半段我很喜欢后半段我觉得🙅,2024-01-24 00:28:29
五仁馅的豆沙月饼,好多年前听的了,2024-01-23 23:07:02
暗部Mk,[色],2024-01-23 21:33:41
千挑万挑灬萝莉赛高,你知道意味着什么吗[痛苦],2024-01-23 19:02:29
有遗憾有青春,我还有图[开心],2024-01-23 18:09:37
暗部Mk,[色],2024-01-23 14:55:03
暗部Mk,我记得封面的红色油纸伞还有御姐牵着绵羊,2024-01-23 14:54:21
铝制拖鞋,我也是,2024-01-23 01:40:43
lilno_,抱歉我不是说给你的[惶恐],2024-01-22 21:55:21
老八秘制小憨包_agt,兄弟我也想要,2024-01-22 17:17:35
季邵白,多年后回来听发现封面少女没了，好消息是隔壁绿色音乐依然还是以前那个妹纸[色],2024-01-22 11:55:51
XIN_你好呀,额(#－.－)我只是觉得牛逼(¯―¯٥)，你更乐，哥们怕不是魔怔了[痛苦],2024-01-21 22:02:45
一米二bgm,我也要,2024-01-21 14:11:04
IMAGINE-DOGGIER,好怀念,2024-01-21 14:04:52
王文灿灿,@怀橘2010 你不是蛮会思维发散吗，你发散一下思维行不行 想一下网易云也能发信息,2024-01-20 22:16:13
-phenobarbital,那时候封面是一个少女举着油纸伞,2024-01-20 22:13:24
WHOAMI-Official,怎么还没114514（,2024-01-20 20:08:36
daisyonly2018,有多少人把封面认成了CCTV,2024-01-20 12:02:00
文次骞丶,哥！！！来一份！！！,2024-01-20 02:15:45
月光琉璃a,有内味了,2024-01-20 00:44:10
大白鹅的争论,发给我一个 谢谢,2024-01-19 21:01:23
zhuxiao19960126,我也要[多多亲吻],2024-01-19 20:20:57
玖字阿飞,我也初中听的，现在已经大一了,2024-01-19 19:14:45
王文灿灿,@怀橘2010 能不能看看你的私信,2024-01-19 17:15:26
赤月天罚,大佬我也想要一份[多多可怜],2024-01-19 14:03:14
无敌的憨八嘎酱,我也要,2024-01-19 13:27:06
原神是鹿子呐,呃，若是方便的话，方可给予我一份？感谢——,2024-01-18 23:30:01
F-小方你超神,我也想要求求了,2024-01-17 20:05:48
小暴躁的胖胖,我也想要可以吗[流泪],2024-01-17 19:25:38
SuikaMi,谢谢你[多多调皮],2024-01-16 21:56:56
啊这aaNB,6,2024-01-16 21:52:02
五个夏天,我也要[多多可怜],2024-01-16 19:27:26
地底绽放的蔷薇,封面被替换大抵是因为画作的版权？,2024-01-16 18:15:27
古家古井,我也要，谢谢,2024-01-15 15:25:59
草莓爆爆蛋,是啊.人生如梦也似烟,2024-01-15 13:26:24
Deathembers,就是这个,2024-01-15 12:40:02
神风竟迹,看我[大笑],2024-01-15 09:52:29
神风竟迹,我只能说看头像，多少年了,2024-01-15 09:52:04
神风竟迹,我有，专门保存了,2024-01-15 09:49:17
沉溺_u8Oi,初中听的，现在大二马上大三。。,2024-01-15 04:21:30
沉溺_u8Oi,隔壁企鹅音乐有,2024-01-15 04:20:46
夜枭-轰鸣,尘封的过往与情绪逐渐涌上心头，人生如梦亦如幻,2024-01-14 23:37:35
博主会飞,当初的封面现在还在用,2024-01-14 21:06:56
讷信被人用了,我也要谢谢陌生人[拜],2024-01-14 19:54:24
蓝俊sti,是谁2024还在听,2024-01-14 16:36:51
听风伴雨,我也要,2024-01-14 15:51:05
Deathembers,應該有,2024-01-14 07:46:43
SaiRai再来,没记错的话是不是还牵着一只小羊啊,2024-01-14 03:59:36
Deathembers,2016年，这首歌的封面还是个打伞妹,2024-01-13 22:37:23
Akino奏,今夕是何年,2024-01-13 22:23:29
普通的高中苦学生,还有嘛,2024-01-13 13:59:54
大飞_仔otYO,以前的MV找不到了，好可惜,2024-01-13 12:47:24
歌艺志-好歌fm,2016年的一幕幕往事如走马灯般浮动，那年六月份的太阳再一次照耀在了脸上，让人回味良久。,2024-01-12 21:22:52
歌艺志-好歌fm,2016年的一幕幕往事如走马灯般在眼前不断闪回，建议听完了这个再听极乐净土,2024-01-12 21:19:46
歌艺志-好歌fm,2016的一幕幕往事一晃而过,2024-01-12 21:18:33
SAI_Error,我也要,2024-01-12 18:53:04
LYSkylines,为啥我IP在河南[呆],2024-01-11 22:14:13
LYSkylines,好家伙，小时候听的歌[呆],2024-01-11 22:09:01
今天的明日香酱,想要[色],2024-01-11 22:05:14
置落,话说很久之前的那专辑不是一个少女撑着把伞吗？有谁有原图（）,2024-01-11 15:42:31
云村村民169425405330818,尊敬的乘客：你好. 你所乘坐的2023次列车.即将到达2024. 请调整好你的心情.整理好你所携带的心愿回忆. 请检查好.有没有遗落.面带微笑下车.[愉快],2024-01-10 19:25:22
随心快手同名,顶,2024-01-10 19:22:11
随缘入浅,我也要，谢谢！,2024-01-10 11:13:50
最后一个蓝莓派,我也要,2024-01-10 09:15:14
是七月鸦,能发一份给我吗？,2024-01-10 05:40:20
KiraYamato哆阔哒,义父，来一张,2024-01-10 03:16:15
Alronn,来了,2024-01-10 00:57:11
七日海棠,大一了，小学听,2024-01-09 21:08:56
漫山无眠,哈哈哈哈哈谢谢[多多比耶][多多比耶],2024-01-09 19:12:54
橙默不Yu,想要,2024-01-09 17:17:51
HakodateFallMonths,当你2024年还在听这首歌并且还是一只单身狗,2024-01-09 15:12:32
丁垒去洗吧,日本真正出名的是它的动漫纯音而非电音，这也是为数不多评论上10w的日本电音。,2024-01-09 15:10:59
Fienrogs枫华,恭喜！,2024-01-09 10:08:10
清欢C_H,我封面呢？,2024-01-09 03:43:00
方西海,我也要兄弟,2024-01-09 00:09:53
筱竹ZY,这首歌已经五年了吗[生病],2024-01-08 20:42:29
筱竹ZY,初一听的现在高二[晕],2024-01-08 20:38:02
漫山无眠,今晚明晚创造奇迹，期末冲！！！全过！！！,2024-01-08 19:54:50
不吃鸡肉的牛,日本🇯🇵,2024-01-08 13:17:58
呼和小月半,我也要,2024-01-07 22:14:35
i音乐lovemusic,我也要,2024-01-07 19:04:25
犹东风万里,me！,2024-01-07 15:08:54
犹东风万里,有！,2024-01-07 15:08:38
-YIWanG-,我也想要，谢谢[多多难过],2024-01-07 11:41:51
joys-ding,omg这,2024-01-07 04:46:08
cwx大雄,25岁了。封面的和服也给嫁了,2024-01-07 02:02:32
夏华礼弥like,有人二四年就不听这首歌了。ƪ(˘⌣˘)ʃ,2024-01-07 01:31:25
繁花落君不染,巧了，初一听的现在大二了,2024-01-07 00:03:11
dogfish_27,怎么哪都有你,2024-01-06 23:23:34
惜时光1707,封面和名字都变了,2024-01-06 22:35:27
得与故人同,嘿嘿嘿,2024-01-06 11:46:15
古皓VZ,最气动的一集，骑公路车听这个感觉自己整个人都气动了,2024-01-06 02:13:07
1如你初妆,好音乐不问年限,2024-01-06 00:36:56
注定被遗忘的,我也要,2024-01-05 15:45:05
千里iii,兄弟，来个图,2024-01-05 15:21:22
祈祈折,当你在2024听的这首歌,2024-01-05 09:43:25
爹爹爹ii,绝绝子,2024-01-05 06:13:38
爹爹爹ii,太有了,2024-01-05 06:13:21
爹爹爹ii,太有了啊 听了快300遍了,2024-01-05 06:12:53
大龙龙llll,我也想要[多多大笑],2024-01-05 02:06:36
最爱喝芬达_,当你2024年听到这首歌,2024-01-04 23:27:44
传说中的静静呀233,怎么会无呢,2024-01-04 18:22:45
无所谓醉生梦死,怎么会没有呢？,2024-01-04 07:41:19
yaoSCh,哪都有你,2024-01-03 22:53:50
走阿走啊,2024还有人听吗,2024-01-03 22:15:23
Starsky银河,QQ音乐是你说的这个封面,2024-01-03 20:43:55
-z-0819,[大哭],2024-01-03 20:14:42
-z-0819,现在12个,2024-01-03 20:12:57
-z-0819,2024才开始听[心碎],2024-01-03 20:12:33
-z-0819,跨年了，祝你们:和气致祥 百花齐放，鸾凤和鸣 福星高照，喜气盈门 恭贺新春，招财进宝 福享新春，福星高照 迎春接福，福禄寿禧 春光骀荡，荣华富贵 国步龙腾，大展鸿图 门凝瑞霭，家庭幸福 户发春光，前途无量 风光胜旧，前程似锦 岁序更新，五福临门 天翔紫燕， 寿比南山 地暖春风，南山献颂 天高地阔,2024-01-03 20:11:49
贰拾壹克灵魂,封面麻烦发下，谢谢,2024-01-03 11:11:40
AsteriskT,求,2024-01-03 09:34:42
-于南,当你2024年听到这首歌,2024-01-03 00:32:35
昨天网恋秀牛被录屏啊,是谁2024年还在听,2024-01-03 00:15:30
小只因_lh0D,觉得,2024-01-02 22:04:00
最逝光陰話浮沫,兄弟，能发我一个吗[多多大哭],2024-01-02 20:28:44
小楼丶阿莫,2024咯,2024-01-02 20:27:24
帝都可口,24年还在听[大笑],2024-01-02 19:39:48
HansardCH,还有不[大笑],2024-01-02 17:43:13
仙法_t0rW,求个我也想要,2024-01-02 10:50:45
eniic,我也想要  ！  求求了 ！,2024-01-02 07:43:00
清稚___,有图,2024-01-01 23:52:19
清稚___,哥,2024-01-01 23:51:06
拥抱间该有雪吧像飞霜初降般轰烈,初一那会听的歌 现在高三了….,2024-01-01 23:48:58
空泠之神,我也要。,2024-01-01 23:15:28
Asu_Aru,求[大笑],2024-01-01 17:43:08
flyyy-j,当我在2024听这首歌,2024-01-01 16:58:51
Fkklz,封面在我动态,2024-01-01 16:24:03
Fkklz,我动态有封面,2024-01-01 16:22:52
子钰余子式,我也要我也要！,2024-01-01 14:33:55
我phonk,对,2024-01-01 12:31:01
无易意失,看我主页,2023-12-31 20:08:55
云诗藏子,明天就2024了，今天还能刷到…,2023-12-31 18:25:42
渡诚荣介,6,2023-12-31 17:39:50
渡诚荣介,感谢，满脑子的平行四边形,2023-12-31 17:39:09
龖嬅圙,哥么，我也要,2023-12-31 16:59:34
卖萌扮乖,我也要,2023-12-31 13:53:13
卖萌扮乖,我也要,2023-12-31 13:52:59
伍月游靈,突然发现env的歌用音箱外放能糊到姥姥家[汗][惊恐],2023-12-31 09:26:54
小丁爱似薄冰,谁有那个女孩油纸伞封面？,2023-12-30 15:24:17
sword957,姐妹！我也要！,2023-12-30 14:39:39
小天野,貌似，16年那会听的，的确改了,2023-12-30 10:11:47
永恒拜占庭,我也想要[多多大笑],2023-12-30 08:02:58
神之星-,17意外听到的,2023-12-30 04:11:29
脑髓在--颤抖,在哪啊,2023-12-29 21:08:12
脑髓在--颤抖,给我一个吧,2023-12-29 21:07:55
今天也有乖乖吃饭0,我也要[多多大哭],2023-12-29 18:00:55
网易li,可以给我一张吗，谢谢[呲牙],2023-12-29 10:47:19
銀座線,怀旧服，如听仙乐耳暂明,2023-12-29 02:10:16
烟舟清渡,我也要[多多大笑],2023-12-28 21:20:19
华光流彩万象新,我也想要可以吗？,2023-12-28 20:42:33
夺宝奇兵_CNR,我也要,2023-12-28 17:36:39
自宅警备员D,发我,2023-12-28 02:25:26
冼辰-_____-,时隔多年，又听到这首歌，我脱口而出：诶这不平行四边形么[大笑]，你说你毒害我多少年吧[怒],2023-12-28 00:51:12
慕伧,我也要,2023-12-27 21:48:19
有杨初墨,俺也要[多多大笑],2023-12-27 21:41:12
Snowy_Plum,哥还在吗我也要,2023-12-27 20:26:18
慵散的白衣,发我,2023-12-27 18:53:10
安酱Y,我也！！,2023-12-26 23:22:55
PINKLIONRC,俺也一样,2023-12-25 23:33:38
破水击杀,会睁眼吓到人了吧😄,2023-12-25 00:32:48
王文灿灿,@怀橘2010,2023-12-25 00:02:08
小玮ss,我也要,2023-12-24 20:06:35
疯花血月映城霜,我也要兄弟,2023-12-24 02:28:51
lilno_,乐,2023-12-23 18:55:02
y么有名哦,我也要,2023-12-23 15:53:38
XIN_你好呀,666,2023-12-23 13:44:26
y么有名哦,咳咳咳，吾有一友[可爱],2023-12-23 00:05:45
用户3758571260,涛哥在哪，他的那个歌。,2023-12-22 23:42:41
钟璃呀,原来我已经两年没有听了，要不是年度报告我已经忘记了,2023-12-22 21:50:39
卡莫纳小柴,三号报点，阅读室一个六套！怕什么，冲他！四个五套，就不信修不死他！,2023-12-22 20:15:49
东百玄师,看我盲僧操作,2023-12-22 16:24:59
攀璇玑而下视兮,俺也想要qwq,2023-12-22 06:47:20
青春猪头少年小高,我也要[多多可怜],2023-12-21 21:15:31
普里姆萝洁,哥们发一份,2023-12-21 19:29:02
人类游戏不好玩,我相册有🌝🌝,2023-12-21 13:10:06
鼓与琴,那都是我上大学时候的封面了,2023-12-21 10:05:29
埃菲尔铁塔的鸡腿堡,对啊今天又随机到这首歌看封面都看不出是哪首了,2023-12-21 09:01:44
B-B-B_GRYx,我也要[流泪],2023-12-21 04:51:32
南枝澄,哥，求一份,2023-12-20 20:35:57
山诺尼,记得要用氢弹炸哦！！！,2023-12-20 16:21:32
云村第1145141919810个村民,歌词是：你是单身狗，没有女朋友。你是单身狗～单～身～狗～你是单身狗，没有女朋友。你是单身狗～狗～狗～狗～你！你是单身狗，没有女朋友。你是单身狗～单～身～狗～你是单身狗，没有女朋友。你是单身狗～狗～狗～狗……,2023-12-20 03:45:21
云村第1145141919810个村民,据调查显示，当地水库中含有大量氢氧化氢，大量摄入会导致大量排汗和排尿，甚至会出现中毒现象。,2023-12-20 03:38:33
雷猴114514,气化东京,2023-12-19 21:01:23
三分零七,神奇 日推居然推了五年前听的歌 封面不是撑着油纸伞的女孩了,2023-12-19 00:22:29
欲死无诞,建议直接炸了小日子,2023-12-19 00:06:49
用户8418183552,明明是等边三角形。,2023-12-18 19:19:07
用户8418183552,弄的我脑子里全是求证四边形ABCD是平行四边形,2023-12-18 18:42:25
可爱xxx死了,以前的封面就是我现在的背景[憨笑],2023-12-18 16:36:15
编程power,彻底离114514远去了[流泪],2023-12-17 20:48:56
嗯呢呗是谁呀,RB26，启动！,2023-12-17 20:35:58
墨羽寒尘,兄弟求一下,2023-12-17 20:04:44
淡忘所有丿,我发你,2023-12-17 19:44:29
山诺尼,《气 动 东 京》,2023-12-17 18:55:41
stillive,我也要 [多多难过],2023-12-17 17:40:20
喜欢听歌的猫丶,我也要,2023-12-17 13:18:44
梦到超影3000,热知识：爱因斯坦曾获得过诺贝尔奖。冷知识：他是因为解释了光电效应的原理获得的诺贝尔奖，而不是因为相对论和时间膨胀,2023-12-17 13:03:43
伍月游靈,这是Env11年前的作品，你敢信[惊恐][惊恐][惊恐][惊恐][惊恐][惊恐],2023-12-17 12:11:29
老麦的电磁学,兄弟我也想要[流泪],2023-12-17 01:25:52
伪装的无赖,逆天。我倒是说过我在楼下,2023-12-16 23:18:50
AK-_h,我也要公主,2023-12-16 21:58:48
WHOAMI-Official,加油 还差1000评论不到（懂得都懂）,2023-12-16 18:14:58
wzxyyds_,还在吗[开心],2023-12-16 13:37:15
抖音快手41秒红茶,语文:可以抄，记不住数学:看得懂，懒得抄英语:可以抄，更看不懂品德:可以抄，记不住科学:可以抄，更记不住,2023-12-16 08:17:30
卡莫纳小柴,pull up pull up,2023-12-15 20:24:33
lazy悠然,我也要，谢谢,2023-12-15 17:25:02
shirle_Dhuq,好兄弟，我也要,2023-12-15 11:28:56
CloudLYC,我的歌单有这首曲子最开始的封面分享CloudLYC的歌单《Cadence》http://163cn.tv/S9iMy4 @CloudLYC,2023-12-15 09:06:35
对着八重神子导,我也要[多多大哭][多多大哭],2023-12-14 23:59:46
甜度刚好YDY,打开鲸鱼音效选择均衡器10  4   -2   9   7    11  12    5   8   -8.高级设置低音调到中间，高音调满，环绕强度中间，环绕深度25%。环境音效演唱会.   不一样的体验   ·͜· ♡,2023-12-14 23:57:41
叫我凡哥会死,我很负责的告诉你，有,2023-12-14 23:50:57
22moii,hxd别逼我跪下求你😭,2023-12-14 22:23:42
轻浮炫,我也要[多多大笑],2023-12-14 17:23:28
夏小柒QwQ,我也想要[大笑],2023-12-13 14:12:02
-忠党爱国,我也要,2023-12-12 23:14:06
2250156066,[多多笑哭],2023-12-12 14:44:30
空髙風歌,啊，两仪式[多多大笑],2023-12-12 06:57:24
英梨梨ee,真实啊以前全是神评段子手,2023-12-12 00:16:34
wzykzx,自取,2023-12-11 23:53:29
DRAGNBALLZ,兄弟我也要,2023-12-11 22:22:04
我总是如此慵懒-,被你骗了！！！！！！！！！！不就是一堆柱子上下起舞吗[大哭],2023-12-11 19:33:29
盛夏与饷恋,小黑子没有窖养,2023-12-11 15:45:22
这个男孩没故事,好听,2023-12-11 05:44:24
Dreaming-渺尘,比尔盖茨是从哈佛休学的，跟退学天差地别，因为他提早学完了所有科目，觉得大学只会束缚他的发展，哈佛大学以及老师也都支持他创业，哈佛甚至保证如果比尔盖茨创业失败可以继续回来读完大学毕业，少看点营销号得了🤣👉,2023-12-11 04:36:08
每天冒泡的可乐,我也要谢谢,2023-12-10 11:25:06
123O_o321,我也要🫴🏻,2023-12-10 00:21:25
Lost傲语,俺也要，俺也要,2023-12-09 21:42:59
山诺尼,《气    动   东    京》,2023-12-09 18:30:01
一gio人胆大,给我给我！,2023-12-09 17:19:35
辛满穗,才发现当初的评论区全是秀，现在的评论区不是分手就是高考,2023-12-09 16:10:11
-哇---塞-,我也要！！！！！！！！求求你啦,2023-12-09 11:29:03
KAMITSUKU,第一次听这个的时候才十多评论来着,2023-12-08 14:05:33
最为良,哼 不会输给任何人,2023-12-07 01:31:28
南夏190430,[怒][怒][怒],2023-12-07 00:06:30
DEDEDUI,看我头像，自取，点个赞不过分吧[奸笑],2023-12-06 23:45:31
ZHAILeWy,我也要，可以发我一份吗，谢谢啦,2023-12-06 23:27:50
hellllllllllllllllllllllllllo,我也要，谢谢[拜],2023-12-06 21:57:27
奎屲,两年半没看到了,2023-12-06 21:38:00
柳叶舠,我也要[大笑],2023-12-06 19:58:59
别睡太久不然会被反噬,然后你就成单亲家庭了,2023-12-06 15:52:40
CaulJohnson,发我一下谢谢,2023-12-06 08:43:57
孤单小寻,哥，想要，求,2023-12-06 01:38:12
葛薯,如果你喜欢这首曲子，那么你一定也喜欢，Tera-Xomu,2023-12-06 00:13:47
葛薯,EnV每首歌曲都好听,2023-12-06 00:08:46
这个人很懒连昵称都没有,2024来了,2023-12-05 21:44:44
愿君有望,我也要[大笑],2023-12-05 12:23:39
Dream丶微笑,我想要,2023-12-04 22:58:02
椰汁配西瓜wwn,《气   死   东   京》,2023-12-04 19:21:41
蔓延的枝条-水月,乐jpg[多多大笑][多多大笑][多多大笑],2023-12-02 21:31:47
十三号星期五丶,平行四边形？,2023-12-02 15:16:38
我的世界大神_MixV,我要挖钻石，我要挖钻石，我要挖钻石。石，我要挖钻石石石。……玩我的世界的时候听的歌。,2023-12-02 11:21:09
夜梦慵懒,求图噻[钟情],2023-12-02 10:48:08
_noAwo_,看MV,2023-12-02 07:44:41
御铭仙笙,我也要,2023-12-01 20:40:27
御铭仙笙,还有吗哥,2023-12-01 20:39:39
Stewie10526,好人一生平安，我也要，謝謝,2023-12-01 19:58:42
刹那1213,我也要,2023-12-01 14:57:41
nullsan,少™️用日语问东问西，这里是池袋駅西口（北）,2023-11-30 23:13:44
pigllet,和HANNARI这首特别特别像,2023-11-30 15:09:40
HELLO_GN,我也要[亲亲],2023-11-30 13:13:42
初世限时返场,当你2023年听到这首歌。！,2023-11-29 23:02:21
一座空城思旧人丶,我很负责的告诉你没有,2023-11-29 22:53:11
A16HyperUL,我也要[大笑],2023-11-29 21:24:50
_noAwo_,我涉猎的电音方面非常广，你可以来我主页看看,2023-11-29 20:30:12
_noAwo_,你可以听听JWoods的歌，中国人也在Outertone投过非常高质量的歌，再说了什么歌，歌名不必要说，优秀的创造人才值得表扬,2023-11-29 20:29:42
孤家寡人宇,明明太阳不大却感觉有点热,2023-11-29 10:19:32
张魁藏,芙芙也给我发一下,2023-11-29 08:51:23
不陈不冠希丶,2016年发射的子弹正中眉心,2023-11-28 23:39:47
桃桃白兰地_,原来的封面好看,2023-11-28 22:40:35
wang继龙,我也要[色],2023-11-28 22:22:25
我的世界大神_MixV,平行四边形，平行四边形，平行四边形，四边形，平行四边形，平行四边形，平行四边形形形…………平行识别平行四边形，平行四边形。,2023-11-28 21:34:28
我的世界大神_MixV,这条评论是114214条，！！！,2023-11-28 21:33:50
我的世界大神_MixV,战场真的跟游戏一样吗？Cf，英雄联盟这些游戏死了还能重来，你确定现实能吗？,2023-11-28 21:32:14
我的世界大神_MixV,现在10万。,2023-11-28 21:29:24
我的世界大神_MixV,你怎么？ 抓住了所有新品。,2023-11-28 21:26:39
我的世界大神_MixV,给作者默哀。,2023-11-28 21:23:37
我的世界大神_MixV,巛真。毛皮大衣”》,2023-11-28 21:22:01
我的世界大神_MixV,不管是哪一段，都是一样的,2023-11-28 21:19:44
叫我刘易阳,对好怀念,2023-11-27 20:19:46
LeeSin江,还是pandaTV的时候,2023-11-27 19:36:47
叫我刘易阳,第一次听是在Pdd直播间听到的,2023-11-27 15:15:43
叫我刘易阳,会想起2016年的事,2023-11-27 15:15:16
FateZerooo,我也要,2023-11-27 04:57:40
Smile凌风,就如名字所示：渐进由简单到复杂，有规律，鼓比较清脆明显；电子比较重旋律，bass声明显，编排较渐进比较简单,2023-11-26 17:50:35
天涯的繁华,我也要[流泪][流泪],2023-11-26 13:01:16
_noAwo_,中国人可以写出，只不过你没见过罢了,2023-11-26 12:30:00
银九猫燐,东，东东东京，新新新宿，涩涩涩谷，池带～站，原原原宿，秋秋秋，下北-泽沢，秋秋叶叶原世↓～田↑谷，成成成田…东京都都都……东京湾弯弯！,2023-11-26 11:15:07
银九猫燐,p站上一找大堆，我这都有几千张这样的，没什么可惜的,2023-11-26 11:13:44
龚毅仁Nathan,对的呢,2023-11-25 22:09:28
小张_-_-_-_-,封面原来就是打着油纸伞的妹子吧,2023-11-25 22:07:31
龚毅仁Nathan,热乎的评论,2023-11-25 21:34:37
渡渡学渣吧,我也要！,2023-11-25 21:32:07
龚毅仁Nathan,不错呦,2023-11-25 16:37:57
清丿晨彡,我也要,2023-11-25 12:08:55
沫伽0,渐进浩斯和电子浩斯区别是什么啊,2023-11-24 19:49:41
爱听歌的猴大爷,我也要,2023-11-24 19:23:47
一杯焦灼的烈酒,哪里都有你2023小子！,2023-11-24 17:45:39
我惹崽,妖刀姬和姑获鸟在我脑子里为了正义而战的场景油然而生,2023-11-24 16:40:53
skr爱喝可乐,求[多多可怜],2023-11-24 14:17:43
夏目笹舟,我也想要 还有吗[多多大哭],2023-11-24 08:39:18
练气六层巅峰,我也要,2023-11-23 22:49:48
练气六层巅峰,我也要 謝謝,2023-11-23 22:49:30
StarPlatinum73,兄弟发一份，求你[色],2023-11-23 10:51:45
secret_maple,我也要,2023-11-23 01:14:50
身体里流淌着柴油,怎么感觉节奏变慢了,2023-11-22 14:23:33
LdjGuy,封面换了，没有赛博佛祖感觉了,2023-11-22 07:00:59
与你在柳州看过的雪,我也要,2023-11-21 23:44:48
与你在柳州看过的雪,还是一样好听！,2023-11-21 23:43:34
发送文件,正好你也在听,2023-11-21 20:53:12
云村村民8140703559,兄弟我也要,2023-11-21 19:58:52
是贫穷让我们相遇,我也要,2023-11-21 19:02:49
小孙么么哒,我也要,2023-11-20 21:33:11
烨烨做新郎,我也要。,2023-11-20 20:19:43
你看到我的鸽子了吗,当年还是999+,2023-11-20 14:14:24
內涵得不止是段孑,馒头！,2023-11-20 07:31:55
离别时的思念,发我一下，谢谢😊,2023-11-19 23:27:21
菜囵先森的朋友,同求,2023-11-19 20:02:39
花青素a,找了六年啊[流泪],2023-11-19 16:58:23
蘑孤境,刚刚上首游戏王，十连就还出了两个四星礼装，然后到这首，再来个十连，前面惨不忍睹，就直接快点了，结果，瞧瞧，一闪而过的彩光，哇，金色彩光，2发唤符，2个十连，恩奇都(爱爱爱,2023-11-19 16:46:08
LL-包摸头的牢弟,自己从通关难度B，改成了S,2023-11-19 13:33:58
7k43_HXgQ,已知:AB=4，AC=2，D是BC中点，AD是整数，求AD 解:延长AD到E，使AD=DE ∵D是BC中点∴BD=DC 在△ACD和△BDE中AD=DE∠BDE=∠ADCBD=DC ∴△ACD≌△BDE∴AC=BE=2 ∵在△ABE中AB-BE<AE<AB+BE ∵AB=4即4-2<2AD<4+21<AD<3 ∴AD=2（doge）,2023-11-18 20:59:47
来给黄泉冲业绩,“为啥你老是听纯音乐，连歌词都没有”“嗯？有呀”“哪有啊”“在心里。”,2023-11-18 20:55:07
95后的老唐,植物大战僵尸屋顶音乐,2023-11-18 20:38:28
H_烟华,你是戳,2023-11-18 16:43:42
_lu小果_,哥[色],2023-11-18 16:09:29
Taris丶飞飞,我也要,2023-11-17 23:00:43
困了常态,我也要！！！,2023-11-17 14:28:05
Love_Firefly,+,2023-11-17 07:14:55
leggio,话说env 就像消失了一样 official 也没有了,2023-11-16 16:28:11
逆风NGC,Homo无处不在（悲）,2023-11-15 18:19:17
逆风NGC,属于是我接触比较早的日系电子了！回来打卡打卡！,2023-11-15 18:18:47
逆风NGC,啊！回来打卡！（）,2023-11-15 18:18:06
Duanghhh,我也要兄弟,2023-11-14 20:55:45
三生有幸_veyI,我也要[多多大笑][多多大笑],2023-11-14 20:44:06
我叫子路,兄弟啊,2023-11-14 19:30:26
Estafador-,想念以前的封面了,2023-11-14 13:22:19
Adya小啵,虽然现在edm还有像这样的proghouse式微了，千禧年左右出现的铁克诺再度成为电音新宠，但是未来肯定会再度流行的，毕竟流行是个轮回[大哭],2023-11-14 10:57:02
橙味沙士k,可以发我吗？谢谢,2023-11-13 23:49:55
重新的何,我也要,2023-11-13 20:19:02
毋忘李定國,哈佛谢谢,2023-11-13 12:25:58
竹墨葉_Inkbam,求一份，好人一生平安,2023-11-12 17:19:25
恋殇_绝恋倾城,求一份,2023-11-11 22:39:01
赫则依赖症,兄弟我也要[大笑],2023-11-11 19:41:28
SmznN,兄弟给我发一个,2023-11-11 15:04:53
幼儿园老大yo,i want it too[亲亲],2023-11-11 11:52:35
幼儿园老大yo,mp3里还有那个封面,2023-11-11 11:52:10
一只野生的饭碗,诸葛孔明九指琴魔已上线,2023-11-10 19:09:42
账号-己注销,发现封面没了,2023-11-10 18:48:51
煦日影伊,冲114514,2023-11-09 21:49:03
煦日影伊,冲114514,2023-11-09 21:48:56
夏天的冰淇淋_IdrC,加一我也要,2023-11-09 21:21:09
没圣机的我活不了一点,当我看见这个14.2万的时候，你能想到我有多震惊吗？,2023-11-09 20:05:48
双叶天下第一,我也想要,2023-11-09 17:55:17
Kurihara_Yukari,兄弟我也想要😭,2023-11-09 17:27:52
安南院,我也要，谢谢,2023-11-09 07:26:22
星默RX,确实，作者21年后就再没新歌了,2023-11-09 00:55:28
stupid92,他在活着的时候还笑的很安详，唯一动的时候可能就在死的时候了doge,2023-11-09 00:13:46
stupid92,核动东京（Doge）,2023-11-09 00:08:01
stupid92,同,2023-11-09 00:02:03
朝若春,不是，是因为这首歌之前的封面是一个少女在青色台阶上打伞，很美，没有啥梗[可爱],2023-11-08 18:00:39
企鹅熊带带北极,甚是怀念啊,2023-11-08 00:27:21
星河之上_qix2,[大笑][大笑][大笑],2023-11-07 19:02:34
若如初见zzztt,我也想要[憨笑],2023-11-07 08:27:55
李名扬_C0d1,我也想要[多多亲吻][多多亲吻][多多亲吻],2023-11-06 23:55:46
岁月如歌Sc,这是什么梗，有什么特别吗,2023-11-06 23:22:41
Kreisaliven,发我,2023-11-06 16:11:32
钢筋遇见混凝土,我也要[亲],2023-11-06 15:13:39
-西瓜船,打开我的头像，找到史诗歌单，希望您能有所收获，谢谢,2023-11-06 12:40:01
生活很甜充满期待,好像5年前就10万评论了,2023-11-05 22:06:07
卡男哥,没记错是我接触的第一首电音，那会刚高一，第二首是trip，从此电音路上一发不可收拾,2023-11-05 19:08:05
绮薙,老板发一份谢谢！,2023-11-05 17:46:04
花见礼雨,还是喜欢以前的专辑封面,2023-11-05 16:44:53
愿许星辰月_,不至于不至于，哈哈哈，说一声就行我都有发的,2023-11-05 16:42:58
-絢辻詞-,听到这首歌我就想起来当初是因为一个鬼畜(武林外传的你是不是饿滴慌)入坑的[大哭],2023-11-05 14:31:04
御坂14376号,我也要,2023-11-05 12:00:55
用户3863777905,波尔布特是吧[多多大笑],2023-11-05 10:35:33
happy221212,2021男生女生向前冲常规胜利时刻，2022男生女生向前冲年度总决赛定制音乐的原版,2023-11-05 08:03:43
韌寒宸,义父我也要,2023-11-04 23:34:29
A暗之Z,我也想要,2023-11-04 17:59:25
不主动就是不喜欢丶,兄弟我也要,2023-11-04 14:03:08
不会起昵称涅,争取早日114514[多多耍酷],2023-11-03 23:54:53
北街鹿隍,jio,2023-11-03 23:05:49
Aswesar,好听！怎么听都好听,2023-11-03 19:31:46
木可芷兰汀,成功填词,2023-11-03 19:02:33
稥Sir,好兄弟我也要,2023-11-03 17:56:28
身心散漫,我发我我,2023-11-03 17:31:37
葛薯,气蒸云梦泽，波撼东京城,2023-11-03 00:53:44
葛薯,气蒸云梦泽，波撼东京城,2023-11-03 00:51:40
煦日影伊,dr3有这歌我就听着怎么这么熟悉？[大哭][大哭],2023-11-03 00:14:17
清稚___,我也要.,2023-11-02 23:12:26
西湖-水,莫名想到了风船爆弹[大哭],2023-11-02 22:21:24
豳_L,各位帅哥美女，喜欢听节奏感强，电子音乐，车载的，运动的，想要嗨起来的音乐去我主页“蹦迪”“燃”“压迫感”“兴”歌单听听看呀！,2023-11-02 20:59:30
CR俺的GD,发我份,2023-11-02 20:55:42
安澜888,我也要,2023-11-02 06:45:13
墨迹天行,朋友我也想要啊啊啊啊啊,2023-11-01 18:53:34
CloudLYC,看我的歌单《Cadence》的封面，拿走不谢~,2023-11-01 14:08:41
我就想叫万籁寂静,刺客信条视频,2023-11-01 11:01:08
蓝俊sti,2023十一月了,2023-11-01 09:55:22
蓝俊sti,气动东京,2023-11-01 09:55:00
自许人世历百程,我也要,2023-10-31 16:27:48
夏鸽子_,2023.10.31回来考古,2023-10-31 15:48:21
CrowleyLin,大佬，求封面[流泪]感恩,2023-10-31 09:24:57
慕枫Muf,哥,2023-10-31 08:49:57
Woizhangyy,永远的头像,2023-10-30 16:14:20
DavidFMY,我在对节奏啊啊啊…还真对上了！,2023-10-29 20:27:58
喵丶爪爪,你是单身狗，你是单身狗，单身狗 ~~~,2023-10-29 14:48:10
角球飞到安菲尔德,我说我搜风动东京搜不到了,2023-10-28 20:14:24
东南亚荣誉地主,为什么中国人写不出这种曲子,2023-10-28 15:58:51
嚯嚯哒-,谢谢谢谢,2023-10-28 09:34:21
张张不一,你好，我也想要一份谢谢[拜],2023-10-27 22:59:25
過暀_,挺好 他比我还嗨[多多大笑],2023-10-27 18:39:36
氧化曾,yes,2023-10-27 16:36:33
全民公敌1804,是的2023我又听了,2023-10-27 15:00:02
小雪好喜欢喝百香果,看了武林外传鬼畜来的 哈哈哈,2023-10-27 12:04:33
听过王维的相思嗎丶,我也要,2023-10-27 11:42:05
Ariel-try,哇李代桃僵,2023-10-27 01:25:24
Minecraft_uDJj,动感东京,2023-10-26 22:43:15
Minecraft_uDJj,听电音要从娃娃抓起，让这份电音精神传承下去吧,2023-10-26 22:33:15
手残de潘森Q,都这么久了吗？,2023-10-26 21:42:12
夜空中不起眼的小石头,我也想要[大笑],2023-10-26 02:11:55
姜琎,还有吗，求图，谢谢,2023-10-25 21:50:03
過暀_,第一次听到的时候 刚生完孩子 一转眼 孩子都9岁了,2023-10-25 19:56:13
月境砷,已喜爱6年,2023-10-25 18:47:09
百冶应星,呜呜呜呜呜龙族,2023-10-24 21:08:12
百冶应星,好兄弟我也想要,2023-10-24 21:07:40
百冶应星,我也想要,2023-10-24 21:07:22
爱哭丶的雨,俺也要,2023-10-24 20:42:21
只喝冻柠茶,那个地方好像是台湾九份[多多可怜],2023-10-24 09:06:21
水墨9527,依然满脑子的证明平行四边形[大哭],2023-10-24 00:35:42
沐风橙风,发我发我,2023-10-23 16:49:35
奔走的啊暧_,好像是,2023-10-23 09:39:12
折坂芽衣,武林外传的鬼畜视频？,2023-10-23 05:12:50
马猴狗蛋,我也想要[多多大笑],2023-10-22 23:40:07
莱耶贝贝,多谢指路,2023-10-22 18:52:45
_-须臾呀-_,我也要,2023-10-22 15:53:03
穆可布,一样一样,2023-10-22 13:37:36
穆可布,大学时有不少喜欢的电音曲，唯独这首在我心中长青,2023-10-22 13:37:15
Aliyo_Werther,哥们给一份，球球了[流泪],2023-10-22 13:20:32
朝阳第一深情-f3,HXD 可以发我一份吗,2023-10-22 11:53:00
夏草红花,怀念[流泪],2023-10-22 10:59:04
云村村民321623766164627790292253,带着耳机把歌单从下往上听，流失的记忆和岁月随着音乐回来了[流泪],2023-10-21 23:46:53
月殇清瞳,果然是个人才,2023-10-21 14:37:17
念念唯安,我也,2023-10-20 23:31:41
稽徒,我也想要，谢谢各位了！,2023-10-20 16:15:13
奔走的啊暧_,不知道为什么听这首歌就会想起武林外传,2023-10-20 15:17:49
我是个蘑菇_不是鼓,助力114514,2023-10-20 11:35:59
元暮X,我也要,2023-10-20 10:04:30
元暮X,我也要,2023-10-20 10:04:23
MC鱿鱼党,我也要[大笑]谢谢,2023-10-19 21:18:24
了不起的你_RCur,求一下高清原封面啊，感激不尽～！,2023-10-19 19:43:28
言辞昼,加一,2023-10-19 18:19:32
緣分du,16年到23年足足七年它变成了10W[亲亲],2023-10-19 00:56:53
羽翼丶纯黑色的,我也要,2023-10-18 21:32:00
彡上白泽慧音彡,去过，东京确实热,2023-10-18 15:40:12
-樱霖-,我有原来的[西西奸笑],2023-10-18 15:00:16
困在乌云里-,我也想要,2023-10-18 10:18:08
棠熹微,还有我[亲亲],2023-10-18 09:59:54
棠熹微,还有我[亲亲],2023-10-18 09:59:39
摇摆人L,哥，我也要,2023-10-18 08:07:55
HDMAmbassador,hxd我也想要[流泪][流泪],2023-10-18 01:21:03
kuiban666,来一份,2023-10-18 00:27:51
简单_kk_z,好兄弟，来一份,2023-10-17 21:19:09
今早有酒今早醉,还是那个纸伞妹子封面好看,2023-10-17 20:43:49
飞一样的传说2003,+1兄弟[多多大笑],2023-10-17 19:05:06
陪伴是最长情的陪伴-,怎么特别像感觉自己萌萌哒的前奏,2023-10-17 15:27:20
理塘最強伝説猛虎丁一郎,我也要😍,2023-10-17 09:55:21
佣兵哥,封面怎么换了[多多大哭],2023-10-16 18:39:23
丿我爱音乐丿,我突然想起来，郎君啊，你是不是饿的慌,2023-10-16 14:14:28
账号永远不注销的我,2019年，小升初的时候听到这歌，苦苦找寻四年一直没有找到，直到这个普通的今天,2023-10-16 02:34:32
